ArticleTitle,LikeCount,PublishTime
Fw: [閒聊] 《FIGHTING EX LAYER》$0.99,0,Sun Nov 02 12:36:42 2025
[問題] 勇闖死人谷&我的戰爭這類玩法,0,Sun Nov 02 13:50:53 2025
[公告] 板務宣導/實用連結/置底聊天區,100,
[公告] Steam板板規/文章推薦區,15,Fri Sep 15 00:09:18 2017
[公告] 交易文章使用說明(發文/推文前請詳閱),0,Thu Jun 01 11:44:59 2017
[公告] 9月置底遊戲交換區,4,Mon Sep 01 17:29:16 2025
[公告] 10月置底遊戲交換區,10,
[閒聊] 請教 GeforceNOW 現況，還能用嗎?,21,Fri Oct 31 06:56:02 2025
Re: [情報] ARC Raiders 發售預告，十月底登場搜打撤,24,Fri Oct 31 07:31:29 2025
Re: [閒聊] 戰地風雲™REDSEC(禁區衝突),3,Fri Oct 31 10:33:26 2025
[CS2 ] PGL Master Bucharest 2025 八強、四強,2,Fri Oct 31 14:27:00 2025
[問題] 數碼寶貝 時空異客 卡在警衛室,3,Fri Oct 31 16:02:17 2025
[閒聊] XBOX手把還真的一代不如一代,40,Fri Oct 31 17:36:42 2025
[抽獎] steamgift LV1,20,Fri Oct 31 18:00:33 2025
[閒聊]頑皮牛恐遊《窒愛SUFFOCATE》上市甘苦談,8,Fri Oct 31 19:29:19 2025
Re: [閒聊] CS2現開放紅槍合成升級刀&手套,9,Fri Oct 31 21:40:59 2025
[限免] (GOG) STASIS,10,Sat Nov 01 00:53:29 2025
Re: [情報] ARC Raiders 發售預告，十月底登場搜打撤,13,Sat Nov 01 10:17:55 2025
[問題] 黑帝斯2推薦嗎,17,Sat Nov 01 11:57:57 2025
[閒聊] Baldr Sky玩到睡著是我的問題嗎,27,Sat Nov 01 15:20:08 2025
[CS2 ] PGL Master Bucharest 2025 季軍、冠軍賽,20,Sat Nov 01 15:55:16 2025
[問題] Xbox Ally的板機支援,4,Sat Nov 01 16:53:22 2025
[心得] 逃離鴨可夫 個人推薦MOD,32,Sat Nov 01 19:54:25 2025
[實況] Hades【powappp3】又回來受死,0,Sat Nov 01 21:47:41 2025
[心得] 槓精的108種死法 and 10月影遊排行榜,5,Sat Nov 01 22:08:58 2025
[限免] Death Fungeon,15,Sun Nov 02 01:44:15 2025
[閒聊] 科雷：2025免費QoL，暫緩缺氧的付費DLC,1,Sun Nov 02 10:27:12 2025
[情報] 《Darkwood II》發表,19,Wed Oct 29 13:19:58 2025
[問題] 明末-淵虛之羽支線那麼容易斷的嗎？,19,Wed Oct 29 15:13:16 2025
[心得] 質量效應2 沒看攻略第一次玩全員存活(稍微有雷),16,Wed Oct 29 15:46:48 2025
[CS2 ] PGL Master Bucharest 2025 Group Day4,3,Wed Oct 29 16:14:03 2025
[問題] 請問STEAM有辦法退小小夢魘3DLC嗎?,45,Wed Oct 29 18:59:56 2025
[心得] 完蛋，我被美女包圍了 前傳,14,Wed Oct 29 23:35:27 2025
Re: [組包] HumbleBundle 2025 10月,16,Thu Oct 30 00:18:32 2025
[限免] Space Pilgrim Episode III: Delta Pavon,34,Thu Oct 30 03:14:03 2025
[贈送] 將軍對決 steam key,11,Thu Oct 30 09:15:54 2025
[問題] Farthest Frontier 好玩！但好多不懂,6,Thu Oct 30 09:30:31 2025
Re: [問題] Farthest Frontier 好玩！但好多不懂,2,Thu Oct 30 10:00:53 2025
[CS2 ] PGL Master Bucharest 2025 Group Day5,1,Thu Oct 30 12:32:00 2025
Re: [閒聊] CS2現開放紅槍合成升級刀&手套,22,Thu Oct 30 12:52:41 2025
[情報] 《符文工廠 4》總監新作募資,16,Thu Oct 30 16:53:00 2025
[閒聊] 戰地風雲™REDSEC(禁區衝突),10,Thu Oct 30 17:14:06 2025
[實況] 傑洛尼莫 Steam-戰意 遊戲實況,0,Thu Oct 30 18:30:07 2025
[心得] Dispatch 第三、四章(雷),14,Thu Oct 30 22:04:59 2025
[閒聊] HB九月包 天命給手,3,Thu Oct 30 22:43:06 2025
[限免] (epic)FIve Nights at Freddy's: Into,15,Thu Oct 30 23:11:15 2025
[新聞] 《模擬市民4》創作者集體退出EA合作計畫,15,Fri Oct 31 03:22:36 2025
